cityName,cinemaName,movieName,hallName,showTime,showEndTime,language,dim,sellPrice,meetingType,meetingInfo,meetingName,sellTime,showSaleStatus
"北京","北京地质礼堂","千禧曼波 4K","一号厅4K激光厅","1744972200000","1744978560000","原版","2D","80.0",0,,"","1744603200000",3
"北京","北京地质礼堂","安娜的旅程 4K","一号厅4K激光厅","1744980300000","1744987920000","原版","2D","70.0",0,,"","1744603200000",3
"北京","北京地质礼堂","缅甸的竖琴 4K","一号厅4K激光厅","1745035200000","1745042160000","原版","2D","80.0",0,,"","1744603200000",3
"北京","北京地质礼堂","西北偏北 4K","一号厅4K激光厅","1745044200000","1745052360000","原版","2D","80.0",0,,"","1744603200000",3
"北京","北京地质礼堂","细细的红线 4K","一号厅4K激光厅","1745054100000","1745064360000","原版","2D","100.0",0,,"","1744603200000",3
"北京","北京地质礼堂","家宴","一号厅4K激光厅","1745066400000","1745072700000","原版","2D","80.0",0,,"","1744603200000",3
"北京","北京地质礼堂","帝国的毁灭 4K","一号厅4K激光厅","1745119800000","1745129100000","原版","2D","80.0",0,,"","1744603200000",3
"北京","北京地质礼堂","铁十字勋章 4K","一号厅4K激光厅","1745130900000","1745138880000","原版","2D","80.0",0,,"","1744603200000",3
"北京","北京地质礼堂","日落黄沙","一号厅4K激光厅","1745140800000","1745149500000","原版","2D","80.0",0,,"","1744603200000",3
"北京","北京地质礼堂","无耻混蛋","一号厅4K激光厅","1745151300000","1745160480000","原版","2D","120.0",0,,"","1744603200000",3
"北京","北京地质礼堂","鸟","一号厅4K激光厅","1745231400000","1745238540000","原版","2D","80.0",0,,"","1744603200000",3
"北京","北京地质礼堂","光之幻影 4K","一号厅4K激光厅","1745240400000","1745245140000","原版","2D","70.0",0,,"","1744603200000",3
"北京","北京地质礼堂","花村 4K","一号厅4K激光厅","1745317800000","1745325060000","原版","2D","80.0",0,,"","1744603200000",3
"北京","北京地质礼堂","加州分裂 4K","一号厅4K激光厅","1745326800000","1745333280000","原版","2D","80.0",0,,"","1744603200000",3
"北京","北京地质礼堂","第阿诺亚战场 4K","一号厅4K激光厅","1745391600000","1745400840000","原版","2D","70.0",0,,"","1744603200000",1
"北京","北京地质礼堂","纳什维尔 4K","一号厅4K激光厅","1745406000000","1745415600000","原版","2D","80.0",0,,"","1744603200000",1
"北京","北京地质礼堂","让子弹飞","一号厅4K激光厅","1745467200000","1745475120000","原版","2D","100.0",0,,"","1745380800000",0
"北京","北京地质礼堂","王者归来 4K","一号厅4K激光厅","1745478000000","1745484960000","原版","2D","70.0",0,,"","1744603200000",1
"北京","北京地质礼堂","三女性 4K","一号厅4K激光厅","1745490600000","1745497980000","原版","2D","80.0",0,,"","1744603200000",1
"北京","北京地质礼堂","开罗紫玫瑰","一号厅4K激光厅","1745500200000","1745505120000","原版","2D","70.0",0,,"","1744603200000",1
"北京","北京地质礼堂","无耻混蛋","一号厅4K激光厅","1745553600000","1745562780000","原版","2D","120.0",0,,"","1745380800000",0
"北京","北京地质礼堂","最后一口气","一号厅4K激光厅","1745564400000","1745570400000","原版","2D","70.0",0,,"","1744603200000",1
"北京","北京地质礼堂","昨日青春 4K","一号厅4K激光厅","1745577000000","1745583780000","原版","2D","80.0",0,,"","1744603200000",1
"北京","北京地质礼堂","婚礼 4K","一号厅4K激光厅","1745586000000","1745593500000","原版","2D","80.0",0,,"","1744603200000",1
"北京","北京地质礼堂","梵高与提奥","一号厅4K激光厅","1745634600000","1745643060000","原版","2D","70.0",0,,"","1744603200000",1
"北京","北京地质礼堂","陆军野战医院","一号厅4K激光厅","1745645400000","1745652360000","原版","2D","80.0",0,,"","1744603200000",1
"北京","北京地质礼堂","大玩家","一号厅4K激光厅","1745654400000","1745661600000","原版","2D","70.0",0,,"","1744603200000",1
"北京","北京地质礼堂","爱在黎明破晓前","一号厅4K激光厅","1745664000000","1745670060000","原版","2D","80.0",0,,"","1744603200000",2
"北京","北京地质礼堂","爱在日落黄昏时","一号厅4K激光厅","1745672400000","1745677200000","原版","2D","80.0",0,,"","1744603200000",2
"北京","北京地质礼堂","白天是阿波罗，晚上是雅典娜","一号厅4K激光厅","1745728200000","1745734980000","原版","2D","70.0",0,,"","1744603200000",2
"北京","北京地质礼堂","末路狂奔","一号厅4K激光厅","1745737200000","1745743800000","原版","2D","80.0",0,,"","1744603200000",1
"北京","北京地质礼堂","梦","一号厅4K激光厅","1745748000000","1745754600000","原版","2D","80.0",0,,"","1744603200000",1
"北京","北京地质礼堂","最后一场电影 4K","一号厅4K激光厅","1745757000000","1745764560000","原版","2D","70.0",0,,"","1744603200000",1
"北京","北京剧院","玛丽和马克思","大剧场4K激光厅","1744972200000","1744977720000","原版","2D","70.0",0,,"","1744603200000",3
"北京","北京剧院","蜗牛回忆录","大剧场4K激光厅","1744980000000","1744985700000","原版","2D","80.0",0,,"","1744603200000",3
"北京","北京剧院","翼 4K","大剧场4K激光厅","1745029800000","1745034900000","原版","2D","80.0",0,,"","1744603200000",3
"北京","北京剧院","名侦探柯南 独眼的残像","大剧场4K激光厅","1745046000000","1745052540000","原版","2D","80.0",0,,"","1744776000000",3
"北京","北京剧院","爱在黎明破晓前","大剧场4K激光厅","1745058600000","1745064660000","原版","2D","80.0",0,,"","1744603200000",3
"北京","北京剧院","爱在日落黄昏时","大剧场4K激光厅","1745066400000","1745071200000","原版","2D","80.0",0,,"","1744603200000",3
"北京","北京剧院","开罗紫玫瑰","大剧场4K激光厅","1745125200000","1745130120000","原版","2D","70.0",0,,"","1744603200000",3
"北京","北京剧院","绿鱼 4K","大剧场4K激光厅","1745132400000","1745139000000","原版","2D","80.0",0,,"","1744603200000",3
"北京","北京剧院","天空的另一面 4K","大剧场4K激光厅","1745145000000","1745150160000","原版","2D","80.0",0,,"","1744603200000",3
"北京","北京剧院","光之幻影 4K","大剧场4K激光厅","1745152200000","1745156940000","原版","2D","70.0",0,,"","1744603200000",3
"北京","北京剧院","巴黎夏日","大剧场4K激光厅","1745231400000","1745236020000","原版","2D","70.0",0,,"","1744603200000",3
"北京","北京剧院","家宴","大剧场4K激光厅","1745238000000","1745244300000","原版","2D","80.0",0,,"","1744603200000",3
"北京","北京剧院","共同的语言","大剧场4K激光厅","1745317800000","1745323140000","原版","2D","70.0",0,,"","1744603200000",3
"北京","北京剧院","前进，神军！","大剧场4K激光厅","1745325000000","1745332200000","原版","2D","70.0",0,,"","1744603200000",3
"北京","北京剧院","误发弹 4K","大剧场4K激光厅","1745403000000","1745409420000","原版","2D","70.0",0,,"","1744603200000",1
"北京","北京剧院","手提箱女郎 4K","大剧场4K激光厅","1745411400000","1745418660000","原版","2D","70.0",0,,"","1744603200000",1
"北京","北京剧院","缅甸的竖琴 4K","大剧场4K激光厅","1745488800000","1745495760000","原版","2D","80.0",0,,"","1744603200000",1
"北京","北京剧院","梦","大剧场4K激光厅","1745497800000","1745504400000","原版","2D","80.0",0,,"","1744603200000",1
"北京","北京剧院","让子弹飞","大剧场4K激光厅","1745557200000","1745565120000","原版","2D","100.0",0,,"","1745380800000",0
"北京","北京剧院","民警故事 4K","大剧场4K激光厅","1745567400000","1745573520000","原版","2D","80.0",0,,"","1745380800000",0
"北京","北京剧院","三女性 4K","大剧场4K激光厅","1745575200000","1745582580000","原版","2D","80.0",0,,"","1744603200000",1
"北京","北京剧院","秋日何时来","大剧场4K激光厅","1745585100000","1745591220000","原版","2D","70.0",0,,"","1744603200000",1
"北京","北京剧院","千禧曼波 4K","大剧场4K激光厅","1745634600000","1745640960000","原版","2D","80.0",0,,"","1745380800000",0
"北京","北京剧院","利益区域 4K","大剧场4K激光厅","1745643600000","1745649900000","原版","2D","80.0",0,,"","1744603200000",1
"北京","北京剧院","桑比赞加 4K","大剧场4K激光厅","1745652600000","1745658480000","原版","2D","70.0",0,,"","1744603200000",1
"北京","北京剧院","侠盗猎车哈姆雷特","大剧场4K激光厅","1745663400000","1745668740000","原版","2D","70.0",0,,"","1744603200000",1
"北京","北京剧院","弗里达的审判 4K","大剧场4K激光厅","1745670600000","1745677020000","原版","2D","70.0",0,,"","1744603200000",1
"北京","北京剧院","纳维","大剧场4K激光厅","1745728200000","1745734440000","原版","2D","70.0",0,,"","1744603200000",1
"北京","北京剧院","从电影起航的BAUS剧场","大剧场4K激光厅","1745737200000","1745744160000","原版","2D","70.0",0,,"","1744603200000",1
"北京","北京剧院","纳什维尔 4K","大剧场4K激光厅","1745748000000","1745757600000","原版","2D","80.0",0,,"","1744603200000",1
"北京","北京剧院","大卫·林奇短片集+原初影像：大卫·林奇","大剧场4K激光厅","1745759700000","1745764380000","原版","2D","80.0",0,,"","1744603200000",1
"北京","北京英嘉国际影城（金源CINITY店）","西北偏北 4K","4号4K激光CINITY巨幕厅","1744974000000","1744982160000","原版","2D","80.0",0,,"","1744603200000",3
"北京","北京英嘉国际影城（金源CINITY店）","加州分裂 4K","4号4K激光CINITY巨幕厅","1745038800000","1745045280000","原版","2D","80.0",0,,"","1744603200000",3
"北京","北京英嘉国际影城（金源CINITY店）","三女性 4K","4号4K激光CINITY巨幕厅","1745047800000","1745055180000","原版","2D","80.0",0,,"","1744603200000",3
"北京","北京英嘉国际影城（金源CINITY店）","森林边缘的寂寞 4K","4号4K激光CINITY巨幕厅","1745058600000","1745064360000","原版","2D","80.0",0,,"","1744603200000",3
"北京","北京英嘉国际影城（金源CINITY店）","银幕的魔术师 4K","4号4K激光CINITY巨幕厅","1745066400000","1745071740000","原版","2D","80.0",0,,"","1744603200000",3
"北京","北京英嘉国际影城（金源CINITY店）","婚礼 4K","4号4K激光CINITY巨幕厅","1745115600000","1745123100000","原版","2D","80.0",0,,"","1744603200000",3
"北京","北京英嘉国际影城（金源CINITY店）","希林公主","4号4K激光CINITY巨幕厅","1745125200000","1745131020000","原版","2D","70.0",0,,"","1744603200000",3
"北京","北京英嘉国际影城（金源CINITY店）","海边电影院","4号4K激光CINITY巨幕厅","1745133000000","1745143740000","原版","2D","70.0",0,,"","1744603200000",3
"北京","北京英嘉国际影城（金源CINITY店）","星际宝贝","7号杜比全景声巨幕厅","1745134200000","1745139480000","原版","2D","70.0",0,,"","1744603200000",3
"北京","北京英嘉国际影城（金源CINITY店）","翼 4K","4号4K激光CINITY巨幕厅","1745145600000","1745150700000","原版","2D","80.0",0,,"","1744603200000",3
"北京","北京英嘉国际影城（金源CINITY店）","再见，旧时光 4K","4号4K激光CINITY巨幕厅","1745152800000","1745158680000","原版","2D","80.0",0,,"","1744603200000",3
"北京","北京英嘉国际影城（金源CINITY店）","木乃伊 4K","4号4K激光CINITY巨幕厅","1745213400000","1745220900000","原版","2D","70.0",0,,"","1744603200000",3
"北京","北京英嘉国际影城（金源CINITY店）","细细的红线 4K","4号4K激光CINITY巨幕厅","1745222400000","1745232660000","原版","2D","100.0",0,,"","1744603200000",3
"北京","北京英嘉国际影城（金源CINITY店）","死亡论文 4K","4号4K激光CINITY巨幕厅","1745235000000","1745242440000","原版","2D","70.0",0,,"","1744603200000",3
"北京","北京英嘉国际影城（金源CINITY店）","我的甜蜜家园 4K","4号4K激光CINITY巨幕厅","1745317800000","1745323980000","原版","2D","80.0",0,,"","1744603200000",3
"北京","北京英嘉国际影城（金源CINITY店）","德古拉","4号4K激光CINITY巨幕厅","1745326800000","1745331240000","原版","2D","70.0",0,,"","1744603200000",3
"北京","北京英嘉国际影城（金源CINITY店）","光之幻影 4K","4号4K激光CINITY巨幕厅","1745391600000","1745396340000","原版","2D","70.0",0,,"","1744603200000",1
"北京","北京英嘉国际影城（金源CINITY店）","末路狂奔","4号4K激光CINITY巨幕厅","1745402400000","1745409000000","原版","2D","80.0",0,,"","1744603200000",1
"北京","北京英嘉国际影城（金源CINITY店）","破果","4号4K激光CINITY巨幕厅","1745410800000","1745418300000","原版","2D","70.0",0,,"","1744603200000",1
"北京","北京英嘉国际影城（金源CINITY店）","去了解 4K","4号4K激光CINITY巨幕厅","1745475600000","1745484840000","原版","2D","80.0",0,,"","1744603200000",1
"北京","北京英嘉国际影城（金源CINITY店）","窃听大阴谋 4K","4号4K激光CINITY巨幕厅","1745487000000","1745493780000","原版","2D","80.0",0,,"","1744603200000",1
"北京","北京英嘉国际影城（金源CINITY店）","无耻混蛋","4号4K激光CINITY巨幕厅","1745496000000","1745505180000","原版","2D","120.0",0,,,"1744603200000",2
"北京","北京英嘉国际影城（金源CINITY店）","误发弹 4K","4号4K激光CINITY巨幕厅","1745557200000","1745563620000","原版","2D","70.0",0,,"","1744603200000",1
"北京","北京英嘉国际影城（金源CINITY店）","雪花莲节 4K","4号4K激光CINITY巨幕厅","1745566200000","1745571420000","原版","2D","80.0",0,,"","1744603200000",1
"北京","北京英嘉国际影城（金源CINITY店）","绿鱼 4K","4号4K激光CINITY巨幕厅","1745577000000","1745583600000","原版","2D","80.0",0,,"","1744603200000",1
"北京","北京英嘉国际影城（金源CINITY店）","魔鬼银爪 4K","4号4K激光CINITY巨幕厅","1745585400000","1745590980000","原版","2D","70.0",0,,"","1744603200000",1
"北京","北京英嘉国际影城（金源CINITY店）","早餐俱乐部 4K","4号4K激光CINITY巨幕厅","1745634600000","1745640420000","原版","2D","80.0",0,,"","1744603200000",1
"北京","北京英嘉国际影城（金源CINITY店）","漫长的告别","4号4K激光CINITY巨幕厅","1745643600000","1745650320000","原版","2D","70.0",0,,"","1744603200000",1
"北京","北京英嘉国际影城（金源CINITY店）","破浪","4号4K激光CINITY巨幕厅","1745652600000","1745661720000","原版","2D","100.0",0,,"","1744603200000",1
"北京","北京英嘉国际影城（金源CINITY店）","汉斯·季默与朋友们：沙漠之钻 音乐会 4K","4号4K激光CINITY巨幕厅","1745665200000","1745674680000","英语","2D","150.0",0,,"","1744862400000",1
"北京","北京英嘉国际影城（金源CINITY店）","让子弹飞","4号4K激光CINITY巨幕厅","1745676600000","1745684520000","原版","2D","100.0",0,,"","1745380800000",0
"北京","北京英嘉国际影城（金源CINITY店）","安娜的旅程 4K","4号4K激光CINITY巨幕厅","1745730000000","1745737620000","原版","2D","70.0",0,,"","1744603200000",1
"北京","北京英嘉国际影城（金源CINITY店）","底层的珍珠 4K","4号4K激光CINITY巨幕厅","1745739600000","1745746020000","原版","2D","80.0",0,,"","1744603200000",1
"北京","北京英嘉国际影城（金源CINITY店）","膝盖骨乐队","4号4K激光CINITY巨幕厅","1745749800000","1745756100000","原版","2D","70.0",0,,"","1744603200000",1
"北京","北京英嘉国际影城（金源CINITY店）","内陆惊魂 4K","4号4K激光CINITY巨幕厅","1745757900000","1745764380000","原版","2D","70.0",0,,"","1744603200000",1
"北京","天幕新彩云国际影城（激光巨幕店）","去了解 4K","超级巨幕厅","1744959600000","1744968840000","原版","2D","80.0",0,,"","1744603200000",3
"北京","天幕新彩云国际影城（激光巨幕店）","绿鱼 4K","超级巨幕厅","1744972200000","1744978800000","原版","2D","80.0",0,,"","1744603200000",3
"北京","天幕新彩云国际影城（激光巨幕店）","致命著作 4K","超级巨幕厅","1744981200000","1744987380000","原版","2D","70.0",0,,"","1744603200000",3
"北京","天幕新彩云国际影城（激光巨幕店）","最后一场电影 4K","超级巨幕厅","1745029200000","1745036760000","原版","2D","70.0",0,,"","1744603200000",3
"北京","天幕新彩云国际影城（激光巨幕店）","最后大浪 4K","超级巨幕厅","1745038800000","1745045160000","原版","2D","70.0",0,,"","1744603200000",3
"北京","天幕新彩云国际影城（激光巨幕店）","花村 4K","超级巨幕厅","1745047800000","1745055060000","原版","2D","80.0",0,,"","1744603200000",3
"北京","天幕新彩云国际影城（激光巨幕店）","漫长的告别","超级巨幕厅","1745058600000","1745065320000","原版","2D","70.0",0,,"","1744603200000",3
"北京","天幕新彩云国际影城（激光巨幕店）","婚礼 4K","超级巨幕厅","1745067600000","1745075100000","原版","2D","80.0",0,,"","1744603200000",3
"北京","天幕新彩云国际影城（激光巨幕店）","加州分裂 4K","超级巨幕厅","1745114400000","1745120880000","原版","2D","80.0",0,,"","1744603200000",3
"北京","天幕新彩云国际影城（激光巨幕店）","梵高与提奥","超级巨幕厅","1745123400000","1745131860000","原版","2D","70.0",0,,"","1744603200000",3
"北京","天幕新彩云国际影城（激光巨幕店）","西北偏北 4K","超级巨幕厅","1745134200000","1745142360000","原版","2D","80.0",0,,"","1744603200000",3
"北京","天幕新彩云国际影城（激光巨幕店）","内陆惊魂 4K","超级巨幕厅","1745144100000","1745150580000","原版","2D","70.0",0,,"","1744603200000",3
"北京","天幕新彩云国际影城（激光巨幕店）","遗传厄运","超级巨幕厅","1745152800000","1745160420000","原版","2D","70.0",0,,"","1744603200000",3
"北京","天幕新彩云国际影城（激光巨幕店）","膝盖骨乐队","超级巨幕厅","1745231400000","1745237700000","原版","2D","70.0",0,,"","1744603200000",3
"北京","天幕新彩云国际影城（激光巨幕店）","末路狂奔","超级巨幕厅","1745239800000","1745246400000","原版","2D","80.0",0,,"","1744603200000",3
"北京","天幕新彩云国际影城（激光巨幕店）","内陆帝国 4K","超级巨幕厅","1745298000000","1745308800000","原版","2D","120.0",0,,"","1744603200000",3
"北京","天幕新彩云国际影城（激光巨幕店）","细细的红线 4K","超级巨幕厅","1745319600000","1745329860000","原版","2D","100.0",0,,"","1744603200000",3
"北京","天幕新彩云国际影城（激光巨幕店）","不同的男人 4K","超级巨幕厅","1745391600000","1745398320000","原版","2D","70.0",0,,"","1744603200000",1
"北京","天幕新彩云国际影城（激光巨幕店）","大玩家","超级巨幕厅","1745402400000","1745409600000","原版","2D","70.0",0,,"","1744603200000",1
"北京","天幕新彩云国际影城（激光巨幕店）","破浪","超级巨幕厅","1745411700000","1745420820000","原版","2D","100.0",0,,"","1744603200000",1
"北京","天幕新彩云国际影城（激光巨幕店）","第阿诺亚战场 4K","超级巨幕厅","1745470800000","1745480040000","原版","2D","70.0",0,,"","1744603200000",1
"北京","天幕新彩云国际影城（激光巨幕店）","桑比赞加 4K","超级巨幕厅","1745482200000","1745488080000","原版","2D","70.0",0,,"","1744603200000",1
"北京","天幕新彩云国际影城（激光巨幕店）","内陆帝国 4K","超级巨幕厅","1745490600000","1745501400000","原版","2D","120.0",0,,,"1744603200000",1
"北京","天幕新彩云国际影城（激光巨幕店）","千禧曼波 4K","超级巨幕厅","1745503200000","1745509560000","原版","2D","80.0",0,,"","1745380800000",0
"北京","天幕新彩云国际影城（激光巨幕店）","昨日青春 4K","超级巨幕厅","1745555400000","1745562180000","原版","2D","80.0",0,,"","1744862400000",1
"北京","天幕新彩云国际影城（激光巨幕店）","汉斯·季默与朋友们：沙漠之钻 音乐会 4K","超级巨幕厅","1745564400000","1745573880000","原版","2D","120.0",0,,"","1744603200000",1
"北京","天幕新彩云国际影城（激光巨幕店）","爱在黎明破晓前","超级巨幕厅","1745577000000","1745583060000","原版","2D","80.0",0,,"","1744603200000",2
"北京","天幕新彩云国际影城（激光巨幕店）","爱在日落黄昏时","超级巨幕厅","1745586000000","1745590800000","原版","2D","80.0",0,,"","1744603200000",2
"北京","天幕新彩云国际影城（激光巨幕店）","无耻混蛋","超级巨幕厅","1745632800000","1745641980000","原版","2D","120.0",0,,"","1744603200000",2
"北京","天幕新彩云国际影城（激光巨幕店）","玛丽和马克思","超级巨幕厅","1745644200000","1745649720000","原版","2D","70.0",0,,"","1744603200000",2
"北京","天幕新彩云国际影城（激光巨幕店）","蜗牛回忆录","超级巨幕厅","1745651700000","1745657400000","原版","2D","80.0",0,,"","1744603200000",1
"北京","天幕新彩云国际影城（激光巨幕店）","我一无所有：朗兹曼的《浩劫》 4K","超级巨幕厅","1745661600000","1745667240000","原版","2D","70.0",0,,,"1744603200000",1
"北京","天幕新彩云国际影城（激光巨幕店）","仲夏夜惊魂 4K","超级巨幕厅","1745669400000","1745678220000","原版","2D","70.0",0,,"","1744603200000",2
"北京","天幕新彩云国际影城（激光巨幕店）","浩劫","超级巨幕厅","1745719200000","1745753160000","原版","2D","300.0",0,,"","1744603200000",1
"北京","天幕新彩云国际影城（激光巨幕店）","无耻混蛋","超级巨幕厅","1745757600000","1745766780000","原版","2D","120.0",0,,"","1745380800000",0
"北京","耀莱成龙影城（五棵松店）","末路狂奔","杜比影院","1744952400000","1744959000000","原版","2D","80.0",0,,"","1744603200000",3
"北京","耀莱成龙影城（五棵松店）","高弧慢球","杜比影院","1744961400000","1744967340000","原版","2D","70.0",0,,"","1744603200000",3
"北京","耀莱成龙影城（五棵松店）","音讯","杜比影院","1744972200000","1744977660000","原版","2D","70.0",0,,"","1744603200000",3
"北京","耀莱成龙影城（五棵松店）","奥利维娅与云","16号厅","1744974000000","1744978860000","原版","2D","70.0",0,,"","1744603200000",3
"北京","耀莱成龙影城（五棵松店）","感应 Dolby Vision","杜比影院","1744979400000","1744984440000","英语","2D","80.0",0,,"","1744603200000",3
"北京","耀莱成龙影城（五棵松店）","纳什维尔 4K","杜比影院","1745028000000","1745037600000","原版","2D","80.0",0,,"","1744603200000",3
"北京","耀莱成龙影城（五棵松店）","适合我的酒店","16号厅","1745038800000","1745044740000","原版","2D","70.0",0,,"","1744603200000",3
"北京","耀莱成龙影城（五棵松店）","陆军野战医院","杜比影院","1745039400000","1745046360000","原版","2D","80.0",0,,"","1744603200000",3
"北京","耀莱成龙影城（五棵松店）","收成","16号厅","1745047800000","1745055660000","原版","2D","70.0",0,,"","1744603200000",3
"北京","耀莱成龙影城（五棵松店）","破浪","杜比影院","1745048400000","1745057520000","原版","2D","100.0",0,,"","1744603200000",3
"北京","耀莱成龙影城（五棵松店）","黑猫警长 全集","16号厅","1745058600000","1745064600000","原版","2D","70.0",0,,"","1744603200000",3
"北京","耀莱成龙影城（五棵松店）","千禧曼波 4K","杜比影院","1745062200000","1745068560000","原版","2D","80.0",0,,"","1744603200000",3
"北京","耀莱成龙影城（五棵松店）","成为一只珍珠鸡","16号厅","1745065800000","1745071740000","原版","2D","70.0",0,,"","1744603200000",3
"北京","耀莱成龙影城（五棵松店）","花村 4K","杜比影院","1745114400000","1745121660000","原版","2D","80.0",0,,"","1744603200000",3
"北京","耀莱成龙影城（五棵松店）","如何正常和另一个世界的怪异","7号厅","1745123400000","1745129520000","原版","2D","80.0",0,,"","1744603200000",3
"北京","耀莱成龙影城（五棵松店）","大玩家","杜比影院","1745125200000","1745132400000","原版","2D","70.0",0,,"","1744603200000",3
"北京","耀莱成龙影城（五棵松店）","旅鼠1：阿卡迪亚州","16号厅","1745127000000","1745133780000","原版","2D","70.0",0,,"","1744603200000",3
"北京","耀莱成龙影城（五棵松店）","财富流感","7号厅","1745132400000","1745139300000","原版","2D","70.0",0,,"","1744603200000",3
"北京","耀莱成龙影城（五棵松店）","永远超级幸福","杜比影院","1745134200000","1745139840000","原版","2D","70.0",0,,"","1744603200000",3
"北京","耀莱成龙影城（五棵松店）","旅鼠2：伤害","16号厅","1745136000000","1745142420000","原版","2D","70.0",0,,"","1744603200000",3
"北京","耀莱成龙影城（五棵松店）","第阿诺亚战场 4K","杜比影院","1745141400000","1745150640000","原版","2D","70.0",0,,"","1744603200000",3
"北京","耀莱成龙影城（五棵松店）","动物寓言集，植物标本集，化石集","7号厅","1745143200000","1745155560000","原版","2D","80.0",0,,"","1744603200000",3
"北京","耀莱成龙影城（五棵松店）","涡流","16号厅","1745152800000","1745158080000","原版","2D","70.0",0,,"","1744603200000",3
"北京","耀莱成龙影城（五棵松店）","最美小镇","杜比影院","1745152800000","1745159460000","原版","2D","70.0",0,,"","1744603200000",3
"北京","耀莱成龙影城（五棵松店）","鳄鱼泪","杜比影院","1745211600000","1745217480000","原版","2D","60.0",0,,"","1744603200000",3
"北京","耀莱成龙影城（五棵松店）","西北偏北 4K","杜比影院","1745219400000","1745227560000","原版","2D","80.0",0,,,"1744603200000",3
"北京","耀莱成龙影城（五棵松店）","我心狂野","杜比影院","1745229600000","1745237100000","英语","2D","80.0",0,,,"1744603200000",3
"北京","耀莱成龙影城（五棵松店）","你好，爱，再次","16号厅","1745231400000","1745238720000","原版","2D","60.0",0,,"","1744603200000",3
"北京","耀莱成龙影城（五棵松店）","地球最后的夜晚 3D","杜比影院","1745239200000","1745247480000","原版","3D","60.0",0,,"","1744603200000",3
"北京","耀莱成龙影城（五棵松店）","残酷真相","16号厅","1745240400000","1745246220000","原版","2D","70.0",0,,"","1744603200000",3
"北京","耀莱成龙影城（五棵松店）","绿鱼 4K","杜比影院","1745305200000","1745311800000","原版","2D","80.0",0,,,"1744603200000",3
"北京","耀莱成龙影城（五棵松店）","无耻混蛋","杜比影院","1745316000000","1745325180000","原版","2D","120.0",0,,,"1744603200000",3
"北京","耀莱成龙影城（五棵松店）","我是桐岛","16号厅","1745319600000","1745325960000","原版","2D","70.0",0,,"","1744603200000",3
"北京","耀莱成龙影城（五棵松店）","遗憾地在黎明时分","7号厅","1745321400000","1745328360000","原版","2D","60.0",0,,"","1744603200000",3
"北京","耀莱成龙影城（五棵松店）","缪斯乐队：模拟理论 4K","杜比影院","1745327400000","1745332800000","原版","2D","100.0",0,,"","1744603200000",3
"北京","耀莱成龙影城（五棵松店）","熟悉的触感","杜比影院","1745384400000","1745389920000","原版","2D","70.0",0,,"","1744603200000",1
"北京","耀莱成龙影城（五棵松店）","科学怪人 4K","杜比影院","1745391600000","1745395800000","原版","2D","70.0",0,,"","1744603200000",1
"北京","耀莱成龙影城（五棵松店）","科学怪人的新娘 4K","杜比影院","1745398800000","1745403300000","原版","2D","70.0",0,,"","1744603200000",1
"北京","耀莱成龙影城（五棵松店）","青空在上，身在山谷","16号厅","1745404200000","1745409720000","原版","2D","70.0",0,,"","1744603200000",1
"北京","耀莱成龙影城（五棵松店）","细细的红线 4K","杜比影院","1745406000000","1745416260000","原版","2D","100.0",0,,"","1744603200000",1
"北京","耀莱成龙影城（五棵松店）","逆生长","16号厅","1745411400000","1745416500000","原版","2D","70.0",0,,"","1744603200000",1
"北京","耀莱成龙影城（五棵松店）","遗传厄运","杜比影院","1745460000000","1745467620000","原版","2D","70.0",0,,"","1744603200000",2
"北京","耀莱成龙影城（五棵松店）","仲夏夜惊魂 4K","杜比影院","1745470800000","1745479620000","原版","2D","70.0",0,,"","1744603200000",2
"北京","耀莱成龙影城（五棵松店）","不同的男人 4K","杜比影院","1745481600000","1745488320000","原版","2D","70.0",0,,"","1744603200000",1
"北京","耀莱成龙影城（五棵松店）","异教徒 4K","杜比影院","1745490600000","1745497260000","原版","2D","70.0",0,,"","1744603200000",1
"北京","耀莱成龙影城（五棵松店）","勇气","16号厅","1745492400000","1745497200000","原版","2D","70.0",0,,"","1744603200000",1
"北京","耀莱成龙影城（五棵松店）","保持沉默的茱莉","7号厅","1745494200000","1745500020000","原版","2D","70.0",0,,,"1744603200000",1
"北京","耀莱成龙影城（五棵松店）","致命著作 4K","杜比影院","1745499600000","1745505780000","原版","2D","70.0",0,,"","1744603200000",1
"北京","耀莱成龙影城（五棵松店）","安娜的旅程 4K","杜比影院","1745557200000","1745564820000","原版","2D","70.0",0,,"","1744603200000",1
"北京","耀莱成龙影城（五棵松店）","利益区域 4K","杜比影院","1745566800000","1745573100000","原版","2D","80.0",0,,"","1744603200000",1
"北京","耀莱成龙影城（五棵松店）","圆","杜比影院","1745575200000","1745582220000","原版","2D","70.0",0,,"","1744603200000",1
"北京","耀莱成龙影城（五棵松店）","桑托什","16号厅","1745581200000","1745588820000","原版","2D","70.0",0,,"","1744603200000",1
"北京","耀莱成龙影城（五棵松店）","最后一场电影 4K","杜比影院","1745584200000","1745591760000","原版","2D","70.0",0,,"","1744603200000",1
"北京","耀莱成龙影城（五棵松店）","帝国的毁灭 4K","杜比影院","1745632800000","1745642100000","原版","2D","80.0",0,,,"1744603200000",1
"北京","耀莱成龙影城（五棵松店）","人之初","7号厅","1745641800000","1745647800000","原版","2D","70.0",0,,"","1744603200000",1
"北京","耀莱成龙影城（五棵松店）","阿里","16号厅","1745643600000","1745648880000","原版","2D","70.0",0,,"","1744603200000",1
"北京","耀莱成龙影城（五棵松店）","最后大浪 4K","杜比影院","1745645400000","1745651760000","原版","2D","70.0",0,,"","1744603200000",1
"北京","耀莱成龙影城（五棵松店）","牧羊人","16号厅","1745650800000","1745657640000","原版","2D","70.0",0,,"","1744603200000",2
"北京","耀莱成龙影城（五棵松店）","魔鬼之烟（把烧过的火柴放在同一个盒子里）","7号厅","1745653200000","1745659080000","原版","2D","70.0",0,,"","1744603200000",1
"北京","耀莱成龙影城（五棵松店）","窗外 4K","杜比影院","1745654400000","1745660880000","原版","2D","80.0",0,,,"1744603200000",1
"北京","耀莱成龙影城（五棵松店）","夏日之书","16号厅","1745661000000","1745666700000","原版","2D","70.0",0,,"","1744603200000",2
"北京","耀莱成龙影城（五棵松店）","蚀","7号厅","1745662500000","1745670060000","原版","2D","70.0",0,,"","1744603200000",1
"北京","耀莱成龙影城（五棵松店）","内陆帝国 4K","杜比影院","1745663400000","1745674200000","原版","2D","120.0",0,,"","1744603200000",1
"北京","耀莱成龙影城（五棵松店）","互帮互助","16号厅","1745668800000","1745675100000","原版","2D","70.0",0,,"","1744603200000",1
"北京","耀莱成龙影城（五棵松店）","千禧曼波 4K","杜比影院","1745676000000","1745682360000","原版","2D","80.0",0,,"","1745380800000",0
"北京","耀莱成龙影城（五棵松店）","大卫·林奇短片集+原初影像：大卫·林奇","杜比影院","1745722800000","1745727480000","英语","2D","80.0",0,,"","1745380800000",0
"北京","耀莱成龙影城（五棵松店）","天空的另一面 4K","杜比影院","1745730000000","1745735160000","原版","2D","80.0",0,,,"1744603200000",1
"北京","耀莱成龙影城（五棵松店）","误发弹 4K","杜比影院","1745737200000","1745743620000","原版","2D","70.0",0,,"","1744603200000",1
"北京","耀莱成龙影城（五棵松店）","缅甸的竖琴 4K","杜比影院","1745746200000","1745753160000","原版","2D","80.0",0,,"","1744603200000",1
"北京","耀莱成龙影城（五棵松店）","机器人T-O","16号厅","1745748000000","1745752680000","原版","2D","70.0",0,,"","1744603200000",1
"北京","耀莱成龙影城（五棵松店）","复活之战","7号厅","1745751600000","1745758200000","原版","2D","70.0",0,,,"1744603200000",1
"北京","耀莱成龙影城（五棵松店）","手提箱女郎 4K","16号厅","1745754300000","1745761560000","原版","2D","70.0",0,,"","1744603200000",1
"北京","耀莱成龙影城（五棵松店）","汉斯·季默与朋友们：沙漠之钻 音乐会 4K","杜比影院","1745755200000","1745764680000","原版","2D","120.0",0,,"","1744603200000",1
"北京","中国电影资料馆艺术影院","昨日青春 4K","1号厅","1744941600000","1744948380000","原版","2D","80.0",1,"活动","映前","1744603200000",3
"北京","中国电影资料馆艺术影院","我心狂野","1号厅","1744950600000","1744958100000","原版","2D","80.0",0,,"","1744603200000",3
"北京","中国电影资料馆艺术影院","孤寂午后 4K","1号厅","1744960200000","1744967760000","原版","2D","80.0",0,,"","1744603200000",3
"北京","中国电影资料馆艺术影院","流金岁月 4K","1号厅","1744970400000","1744976580000","原版","2D","100.0",2,"主创交流","映后","1744603200000",3
"北京","中国电影资料馆艺术影院","陆军野战医院","1号厅","1744981200000","1744988160000","原版","2D","80.0",0,,"","1744603200000",3
"北京","中国电影资料馆艺术影院","我曾侍候过英国国王","1号厅","1745028000000","1745035140000","原版","2D","80.0",0,,"","1744603200000",3
"北京","中国电影资料馆艺术影院","无耻混蛋","1号厅","1745038200000","1745047380000","原版","2D","120.0",0,,"","1744603200000",3
"北京","中国电影资料馆艺术影院","民警故事 4K","1号厅","1745049600000","1745055720000","原版","2D","80.0",2,"主创交流","映后","1744603200000",3
"北京","中国电影资料馆艺术影院","天空的另一面 4K","1号厅","1745060400000","1745065560000","原版","2D","80.0",0,,"","1744603200000",3
"北京","中国电影资料馆艺术影院","光 4K","1号厅","1745067600000","1745077320000","原版","2D","80.0",0,,"","1744603200000",3
"北京","中国电影资料馆艺术影院","纳什维尔 4K","1号厅","1745114400000","1745124000000","原版","2D","80.0",0,,"","1744603200000",3
"北京","中国电影资料馆艺术影院","三女性 4K","1号厅","1745126100000","1745133480000","原版","2D","80.0",0,,"","1744603200000",3
"北京","中国电影资料馆艺术影院","窗外 4K","1号厅","1745135400000","1745141880000","原版","2D","80.0",0,,"","1744603200000",3
"北京","中国电影资料馆艺术影院","敌","1号厅","1745143800000","1745150280000","原版","2D","70.0",0,,"","1744603200000",3
"北京","中国电影资料馆艺术影院","爱与时尚","1号厅","1745152200000","1745158800000","原版","2D","80.0",0,,"","1744603200000",3
"北京","中国电影资料馆艺术影院","日落黄沙","1号厅","1745200800000","1745209500000","原版","2D","80.0",0,,"","1744603200000",3
"北京","中国电影资料馆艺术影院","内陆惊魂 4K","1号厅","1745211600000","1745218080000","原版","2D","70.0",0,,"","1744603200000",3
"北京","中国电影资料馆艺术影院","翼 4K","1号厅","1745220600000","1745225700000","原版","2D","80.0",0,,"","1744603200000",3
"北京","中国电影资料馆艺术影院","大卫·林奇短片集+原初影像：大卫·林奇","1号厅","1745227800000","1745232480000","英语","2D","80.0",0,,,"1744603200000",3
"北京","中国电影资料馆艺术影院","内陆帝国 4K","1号厅","1745235000000","1745245800000","原版","2D","120.0",0,,"","1744603200000",3
"北京","中国电影资料馆艺术影院","破浪","1号厅","1745287200000","1745296320000","原版","2D","100.0",0,,"","1744603200000",3
"北京","中国电影资料馆艺术影院","误发弹 4K","1号厅","1745298600000","1745305020000","原版","2D","70.0",0,,"","1744603200000",3
"北京","中国电影资料馆艺术影院","无声三部曲","1号厅","1745307000000","1745310480000","原版","2D","60.0",0,,"","1744603200000",3
"北京","中国电影资料馆艺术影院","繁花·好久不见 特别盛典","1号厅","1745314200000","1745322960000","原版","2D","80.0",0,"活动","","1744603200000",3
"北京","中国电影资料馆艺术影院","魔鬼银爪 4K","1号厅","1745327400000","1745332980000","原版","2D","70.0",0,,"","1744603200000",3
"北京","中国电影资料馆艺术影院","窃听大阴谋 4K","1号厅","1745373600000","1745380380000","原版","2D","80.0",0,,"","1744603200000",1
"北京","中国电影资料馆艺术影院","千禧曼波 4K","1号厅","1745382600000","1745388960000","原版","2D","80.0",0,,"","1744603200000",2
"北京","中国电影资料馆艺术影院","从电影起航的BAUS剧场","1号厅","1745391900000","1745398860000","原版","2D","70.0",2,"活动","映后","1744603200000",1
"北京","中国电影资料馆艺术影院","爱在黎明破晓前","1号厅","1745404200000","1745410260000","原版","2D","80.0",0,,"","1744603200000",2
"北京","中国电影资料馆艺术影院","爱在日落黄昏时","1号厅","1745412600000","1745417400000","原版","2D","80.0",0,,"","1744603200000",2
"北京","中国电影资料馆艺术影院","绿鱼 4K","1号厅","1745460000000","1745466600000","原版","2D","80.0",0,,"","1744603200000",1
"北京","中国电影资料馆艺术影院","矿","1号厅","1745470200000","1745474280000","原版","2D","70.0",2,"活动","映后","1744603200000",1
"北京","中国电影资料馆艺术影院","秋日何时来","1号厅","1745480700000","1745486820000","原版","2D","70.0",0,,"","1744603200000",1
"北京","中国电影资料馆艺术影院","神女 4K","1号厅","1745488800000","1745493780000","原版","2D","70.0",1,"活动","映前","1744603200000",2
"北京","中国电影资料馆艺术影院","利益区域 4K","1号厅","1745498400000","1745504700000","原版","2D","80.0",0,,,"1744603200000",1
"北京","中国电影资料馆艺术影院","无耻混蛋","1号厅","1745506800000","1745515980000","原版","2D","120.0",0,,"","1745380800000",0
"北京","中国电影资料馆艺术影院","早餐俱乐部 4K","1号厅","1745546400000","1745552220000","原版","2D","80.0",0,,"","1744603200000",1
"北京","中国电影资料馆艺术影院","安德烈·卢布廖夫","1号厅","1745554200000","1745565180000","原版","2D","100.0",0,,"","1744603200000",2
"北京","中国电影资料馆艺术影院","安德烈·卢布廖夫：电影作为记忆 4K","1号厅","1745568600000","1745572740000","原版","2D","70.0",0,,"","1744603200000",1
"北京","中国电影资料馆艺术影院","红玫瑰 白玫瑰","1号厅","1745575200000","1745581800000","原版","2D","100.0",2,"主创交流","映后","1744603200000",2
"北京","中国电影资料馆艺术影院","梦","1号厅","1745587200000","1745593800000","原版","2D","80.0",0,,"","1744603200000",2
"北京","中国电影资料馆艺术影院","细细的红线 4K","1号厅","1745631000000","1745641260000","原版","2D","100.0",0,,"","1744603200000",1
"北京","中国电影资料馆艺术影院","缅甸的竖琴 4K","1号厅","1745643600000","1745650560000","原版","2D","80.0",0,,"","1744603200000",1
"北京","中国电影资料馆艺术影院","家宴","1号厅","1745652600000","1745658900000","原版","2D","80.0",0,,"","1744603200000",2
"北京","中国电影资料馆艺术影院","我仍在此","1号厅","1745660700000","1745668980000","原版","2D","80.0",0,,,"1744603200000",2
"北京","中国电影资料馆艺术影院","钟声 4K+蛇之道","1号厅","1745670900000","1745680380000","原版","2D","90.0",0,,"","1744603200000",1
"北京","中国电影资料馆艺术影院","汉斯·季默与朋友们：沙漠之钻 音乐会 4K","1号厅","1745717400000","1745726880000","原版","2D","120.0",0,,"","1744603200000",1
"北京","中国电影资料馆艺术影院","蜗牛回忆录","1号厅","1745729100000","1745734800000","原版","2D","80.0",0,,"","1744603200000",1
"北京","中国电影资料馆艺术影院","玛丽和马克思","1号厅","1745736600000","1745742120000","原版","2D","70.0",0,,"","1744603200000",2
"北京","中国电影资料馆艺术影院","开罗紫玫瑰","1号厅","1745743800000","1745748720000","原版","2D","70.0",0,,"","1744603200000",2
"北京","中国电影资料馆艺术影院","劳工之爱情 4K+盘丝洞 4K","1号厅","1745757900000","1745762160000","原版","2D","100.0",4,"映前活动与默片配乐","活动","1744603200000",1
"北京","中国电影资料馆艺术影院","让子弹飞","1号厅","1745766000000","1745773920000","原版","2D","100.0",0,,"","1745380800000",0
